{
    "Model_1": 0.6667,
    "Model_2": 0.7188,
    "Model_3": 0.7292,
    "Model_4": 0.7395833333333334,
    "Ensemble": 0.7604166666666666
}